PRAGMA foreign_keys=OFF;
BEGIN TRANSACTION;
CREATE TABLE android_metadata (locale TEXT);
INSERT INTO android_metadata VALUES('ja_JP');
CREATE TABLE result(id integer PRIMARY KEY AUTOINCREMENT,player_id integer NOT NULL,pazzletime integer NOT NULL,movecount integer NOT NULL,playdatetime text DEFAULT CURRENT_TIMESTAMP,resigned integer DEFAULT 0);
INSERT INTO result VALUES(1,6,4656,194,'2021-12-17 05:08:38',0);
INSERT INTO result VALUES(2,1,916,34,'2021-12-17 05:09:21',1);
INSERT INTO result VALUES(3,8,3176,137,'2021-12-17 05:50:52',0);
INSERT INTO result VALUES(4,8,2662,114,'2021-12-17 05:51:26',0);
INSERT INTO result VALUES(5,3,2128,106,'2021-12-17 05:52:15',0);
INSERT INTO result VALUES(6,4,3105,139,'2021-12-17 05:53:27',0);
INSERT INTO result VALUES(7,2,7685,132,'2021-12-17 06:02:52',0);
INSERT INTO result VALUES(8,5,3235,136,'2021-12-17 06:04:04',0);
INSERT INTO result VALUES(9,5,2177,107,'2021-12-17 06:04:32',0);
INSERT INTO result VALUES(10,9,1903,126,'2021-12-17 06:05:31',0);
INSERT INTO result VALUES(11,10,2198,119,'2021-12-17 06:06:24',0);
INSERT INTO result VALUES(12,1,9055,85,'2021-12-17 07:19:05',0);
INSERT INTO result VALUES(13,1,13023,158,'2021-12-17 07:19:05',0);
INSERT INTO result VALUES(14,1,10823,78,'2021-12-17 07:19:05',0);
INSERT INTO result VALUES(15,1,11544,128,'2021-12-17 07:19:05',0);
INSERT INTO result VALUES(16,1,5062,64,'2021-12-17 07:19:05',0);
INSERT INTO result VALUES(17,2,11035,65,'2021-12-17 07:20:28',0);
INSERT INTO result VALUES(18,2,14412,132,'2021-12-17 07:20:28',0);
INSERT INTO result VALUES(19,2,8823,87,'2021-12-17 07:20:28',0);
INSERT INTO result VALUES(20,2,7644,141,'2021-12-17 07:20:28',0);
INSERT INTO result VALUES(21,2,5448,103,'2021-12-17 07:20:28',0);
INSERT INTO result VALUES(22,1,600,85,'2021-12-17 07:21:58',0);
INSERT INTO result VALUES(23,1,600,85,'2021-12-17 07:21:58',0);
INSERT INTO result VALUES(24,1,1200,85,'2021-12-17 07:21:58',0);
INSERT INTO result VALUES(25,1,360900,85,'2021-12-17 07:21:58',0);
INSERT INTO result VALUES(26,1,24000,85,'2021-12-17 07:21:58',0);
INSERT INTO result VALUES(27,10,2017,94,'2021-12-20 02:10:12',0);
INSERT INTO result VALUES(28,10,1307,57,'2021-12-20 02:27:09',0);
INSERT INTO result VALUES(29,10,21383,337,'2021-12-20 02:31:01',0);
INSERT INTO result VALUES(30,10,2211,125,'2021-12-20 02:31:31',0);
INSERT INTO result VALUES(31,9,1899,102,'2021-12-20 02:32:54',0);
CREATE TABLE player(player_id integer PRIMARY KEY AUTOINCREMENT,name text NOT NULL,created_dt text DEFAULT CURRENT_TIMESTAMP,current integer DEFAULT 0);
INSERT INTO player VALUES(1,'Alice','2021-12-16 06:32:07',0);
INSERT INTO player VALUES(2,'Bob','2021-12-16 06:35:48',0);
INSERT INTO player VALUES(3,'ぴえん🥺','2021-12-16 07:03:38',0);
INSERT INTO player VALUES(4,'ぱおん🐘','2021-12-16 07:05:59',0);
INSERT INTO player VALUES(5,'Daisuke','2021-12-16 07:06:16',0);
INSERT INTO player VALUES(6,'hoge','2021-12-16 07:06:31',0);
INSERT INTO player VALUES(7,'あんこ','2021-12-16 07:20:51',0);
INSERT INTO player VALUES(8,'ずんだ','2021-12-17 00:43:12',0);
INSERT INTO player VALUES(9,'だいふく','2021-12-17 02:16:09',1);
INSERT INTO player VALUES(10,'きなこ','2021-12-17 02:16:58',0);
DELETE FROM sqlite_sequence;
INSERT INTO sqlite_sequence VALUES('player',10);
INSERT INTO sqlite_sequence VALUES('result',31);
COMMIT;
